<eagle version="6.1"><drawing><settings><setting alwaysvectorfont="no" verticaltext="up"/></settings><grid distance="0.1" unitdist="inch" unit="inch" style="lines" multiple="1" display="no" altdistance="0.01" altunitdist="inch" altunit="inch"/><layers><layer number="91" name="Nets" color="2" fill="1" visible="yes" active="yes"/><layer number="92" name="Busses" color="1" fill="1" visible="yes" active="yes"/><layer number="93" name="Pins" color="2" fill="1" visible="no" active="yes"/><layer number="94" name="Symbols" color="4" fill="1" visible="yes" active="yes"/><layer number="95" name="Names" color="7" fill="1" visible="yes" active="yes"/><layer number="96" name="Values" color="7" fill="1" visible="yes" active="yes"/><layer number="97" name="Info" color="7" fill="1" visible="yes" active="yes"/><layer number="98" name="Guide" color="6" fill="1" visible="yes" active="yes"/></layers><schematic><libraries><library name="AcceleratedDesigns_Lib"><packages><package name="0402"><pad name="1" drill="0" y="0" x="-0.4191"/><pad name="2" drill="0" y="0" x="0.4191"/></package><package name="0805"><pad name="1" drill="0" y="0" x="-0.9017"/><pad name="2" drill="0" y="0" x="0.9017"/></package><package name="1206_190"><pad name="1" drill="0" y="0" x="-1.4986"/><pad name="2" drill="0" y="0" x="1.4986"/></package><package name="0603"><pad name="1" drill="0" y="0" x="-0.6985"/><pad name="2" drill="0" y="0" x="0.6985"/></package><package name="IHLP-2020CZ"><pad name="1" drill="0" y="0" x="-2.032"/><pad name="2" drill="0" y="0" x="2.032"/></package><package name="1206"><pad name="1" drill="0" y="0" x="-1.4986"/><pad name="2" drill="0" y="0" x="1.4986"/></package><package name="RNR0011A"><pad name="1" drill="0" y="0.75" x="-1.175"/><pad name="2" drill="0" y="0.25" x="-1.175"/><pad name="3" drill="0" y="-0.25" x="-1.175"/><pad name="4" drill="0" y="-0.75" x="-1.175"/><pad name="5" drill="0" y="-0.7" x="-0.35"/><pad name="6" drill="0" y="-0.7" x="0.35"/><pad name="7" drill="0" y="-0.75" x="1.175"/><pad name="8" drill="0" y="-0.25" x="1.175"/><pad name="9" drill="0" y="0.25" x="1.175"/><pad name="10" drill="0" y="0.75" x="1.175"/><pad name="11" drill="0" y="0.7" x="0"/></package><package name="WB_CURRENT_LOAD"><pad name="1" drill="0" y="0" x="0"/><pad name="2" drill="0" y="0" x="0"/></package><package name="WB_GND"><pad name="1" drill="0" y="0" x="0"/></package><package name="WB_BATTERY"><pad name="1" drill="0" y="0" x="0"/><pad name="2" drill="0" y="0" x="0"/></package></packages><symbols><symbol name="GRM155R61A104KA01D@1"><pin name="1@1" x="7.62" y="0" rot="MR0" direction="pas" length="short" visible="off" swaplevel="0"/><pin name="2@2" x="-7.62" y="0" rot="MR180" direction="pas" length="short" visible="off" swaplevel="0"/><wire x1="7.62" y1="0" x2="5.08" y2="0" width="0.1524" layer="94"/><wire x1="-7.62" y1="0" x2="-5.08" y2="0" width="0.1524" layer="94"/><wire x1="0.762" y1="-3.048" x2="0.762" y2="3.048" width="0.1524" layer="94"/><wire x1="-5.08" y1="0" x2="-0.762" y2="0" width="0.1524" layer="94"/><wire x1="0.762" y1="0" x2="5.08" y2="0" width="0.1524" layer="94"/><wire x1="-0.762" y1="-3.048" x2="-0.762" y2="3.048" width="0.1524" layer="94"/><text size="2" x="0" y="7.62" layer="95" align="center">&gt;NAME</text><text size="2" x="0" y="5.08" layer="96" align="center">&gt;VALUE</text></symbol><symbol name="CL21C122JBFNNWE@1"><pin name="1@1" x="7.62" y="0" rot="MR0" direction="pas" length="short" visible="off" swaplevel="0"/><pin name="2@2" x="-7.62" y="0" rot="MR180" direction="pas" length="short" visible="off" swaplevel="0"/><wire x1="7.62" y1="0" x2="5.08" y2="0" width="0.1524" layer="94"/><wire x1="-7.62" y1="0" x2="-5.08" y2="0" width="0.1524" layer="94"/><wire x1="0.762" y1="-3.048" x2="0.762" y2="3.048" width="0.1524" layer="94"/><wire x1="-5.08" y1="0" x2="-0.762" y2="0" width="0.1524" layer="94"/><wire x1="0.762" y1="0" x2="5.08" y2="0" width="0.1524" layer="94"/><wire x1="-0.762" y1="-3.048" x2="-0.762" y2="3.048" width="0.1524" layer="94"/><text size="2" x="0" y="7.62" layer="95" align="center">&gt;NAME</text><text size="2" x="0" y="5.08" layer="96" align="center">&gt;VALUE</text></symbol><symbol name="CL21C620JBANNNC@1"><pin name="1@1" x="7.62" y="0" rot="MR0" direction="pas" length="short" visible="off" swaplevel="0"/><pin name="2@2" x="-7.62" y="0" rot="MR180" direction="pas" length="short" visible="off" swaplevel="0"/><wire x1="7.62" y1="0" x2="5.08" y2="0" width="0.1524" layer="94"/><wire x1="-7.62" y1="0" x2="-5.08" y2="0" width="0.1524" layer="94"/><wire x1="0.762" y1="-3.048" x2="0.762" y2="3.048" width="0.1524" layer="94"/><wire x1="-5.08" y1="0" x2="-0.762" y2="0" width="0.1524" layer="94"/><wire x1="0.762" y1="0" x2="5.08" y2="0" width="0.1524" layer="94"/><wire x1="-0.762" y1="-3.048" x2="-0.762" y2="3.048" width="0.1524" layer="94"/><text size="2" x="0" y="7.62" layer="95" align="center">&gt;NAME</text><text size="2" x="0" y="5.08" layer="96" align="center">&gt;VALUE</text></symbol><symbol name="GRM155R60J104KA01D@1"><pin name="1@1" x="7.62" y="0" rot="MR0" direction="pas" length="short" visible="off" swaplevel="0"/><pin name="2@2" x="-7.62" y="0" rot="MR180" direction="pas" length="short" visible="off" swaplevel="0"/><wire x1="7.62" y1="0" x2="5.08" y2="0" width="0.1524" layer="94"/><wire x1="-7.62" y1="0" x2="-5.08" y2="0" width="0.1524" layer="94"/><wire x1="0.762" y1="-3.048" x2="0.762" y2="3.048" width="0.1524" layer="94"/><wire x1="-5.08" y1="0" x2="-0.762" y2="0" width="0.1524" layer="94"/><wire x1="0.762" y1="0" x2="5.08" y2="0" width="0.1524" layer="94"/><wire x1="-0.762" y1="-3.048" x2="-0.762" y2="3.048" width="0.1524" layer="94"/><text size="2" x="0" y="7.62" layer="95" align="center">&gt;NAME</text><text size="2" x="0" y="5.08" layer="96" align="center">&gt;VALUE</text></symbol><symbol name="WB_CURRENT_LOAD@1"><pin name="+@1" x="-7.62" y="0" rot="MR180" direction="pas" length="short" visible="off" swaplevel="0"/><pin name="-@2" x="7.62" y="0" rot="MR0" direction="pas" length="short" visible="off" swaplevel="0"/><wire cap="round" x1="-3.80144541893069" y1="6.11111003035226E-05" x2="-2.68631595182662" y2="-2.68638598005626" layer="94" curve="44.25835" width="0.1524"/><wire cap="round" x1="-2.7008340002096" y1="-2.70084492188432" x2="-3.010245531766E-05" y2="-3.82193519093877" layer="94" curve="44.8182" width="0.1524"/><wire cap="round" x1="-1.47901228405671E-05" y1="-3.81607473385618" x2="2.69671339012067" y2="-2.69667753776659" layer="94" curve="45.38076" width="0.1524"/><wire cap="round" x1="2.69020543466835" y1="-2.69018253944063" x2="3.80688023502889" y2="-1.58895406142942E-05" layer="94" curve="45.58721" width="0.1524"/><wire cap="round" x1="3.80144542387741" y1="-6.17958751984642E-05" x2="2.68631643327033" y2="2.68638549307261" layer="94" curve="44.25835" width="0.1524"/><wire cap="round" x1="2.70083237377049" y1="2.70084654561062" x2="2.78042467919214E-05" y2="3.82193519631281" layer="94" curve="44.8182" width="0.1524"/><wire cap="round" x1="1.57980194586995E-05" y1="3.81607473126472" x2="-2.69671268033746" y2="2.69667825335733" layer="94" curve="45.38076" width="0.1524"/><wire cap="round" x1="-2.69020543466835" y1="2.69018253944063" x2="-3.80688023502889" y2="1.58895406171733E-05" layer="94" curve="45.58721" width="0.1524"/><wire x1="7.62" y1="0" x2="3.81" y2="0" width="0.1524" layer="94"/><wire x1="-3.81" y1="0" x2="-7.62" y2="0" width="0.1524" layer="94"/><wire x1="0.762" y1="-1.778" x2="3.048" y2="0" width="0.1524" layer="94"/><wire x1="0.762" y1="1.778" x2="3.048" y2="0" width="0.1524" layer="94"/><wire x1="3.048" y1="0" x2="-3.048" y2="0" width="0.1524" layer="94"/></symbol><symbol name="GRM188R61A225KE34D@1"><pin name="1@1" x="7.62" y="0" rot="MR0" direction="pas" length="short" visible="off" swaplevel="0"/><pin name="2@2" x="-7.62" y="0" rot="MR180" direction="pas" length="short" visible="off" swaplevel="0"/><wire x1="7.62" y1="0" x2="5.08" y2="0" width="0.1524" layer="94"/><wire x1="-7.62" y1="0" x2="-5.08" y2="0" width="0.1524" layer="94"/><wire x1="0.762" y1="-3.048" x2="0.762" y2="3.048" width="0.1524" layer="94"/><wire x1="-5.08" y1="0" x2="-0.762" y2="0" width="0.1524" layer="94"/><wire x1="0.762" y1="0" x2="5.08" y2="0" width="0.1524" layer="94"/><wire x1="-0.762" y1="-3.048" x2="-0.762" y2="3.048" width="0.1524" layer="94"/><text size="2" x="0" y="7.62" layer="95" align="center">&gt;NAME</text><text size="2" x="0" y="5.08" layer="96" align="center">&gt;VALUE</text></symbol><symbol name="WB_GND@1"><pin name="1@1" x="0" y="2.54" rot="MR270" direction="pas" length="short" visible="off" swaplevel="0"/><wire x1="0" y1="2.54" x2="0" y2="0" width="0.1524" layer="94"/><wire x1="-3.302" y1="0" x2="3.302" y2="0" width="0.1524" layer="94"/><wire x1="-2.286" y1="-1.016" x2="2.286" y2="-1.016" width="0.1524" layer="94"/><wire x1="-0.762" y1="-2.032" x2="0.762" y2="-2.032" width="0.1524" layer="94"/></symbol><symbol name="IHLP2020CZERR82M01@1"><pin name="2@2" x="7.62" y="0" rot="MR0" direction="pas" length="short" visible="off" swaplevel="0"/><pin name="1@1" x="-7.62" y="0" rot="MR180" direction="pas" length="short" visible="off" swaplevel="0"/><wire cap="round" x1="2.70086965376353" y1="0.835686125023295" x2="2.5488127292636" y2="-6.24799789495706E-04" layer="94" curve="12.47546" width="0.1524"/><wire cap="round" x1="3.80990829544782" y1="1.85597139451402" x2="2.69064524918793" y2="0.838459388755286" layer="94" curve="78.62357" width="0.1524"/><wire cap="round" x1="4.90450120907934" y1="0.838494459997258" x2="3.81012877640754" y2="1.85651641360845" layer="94" curve="79.52696" width="0.1524"/><wire cap="round" x1="5.08194212297714" y1="7.65933497371016E-02" x2="4.90412159312222" y2="0.838683789637753" layer="94" curve="2.683002" width="0.1524"/><wire x1="5.08" y1="7.32740090825246E-14" x2="7.62" y2="8.71708039085205E-14" width="0.1524" layer="94"/><wire cap="round" x1="0.160869647012591" y1="0.835686120495971" x2="8.81272251266148E-03" y2="-6.24804316819648E-04" layer="94" curve="12.47546" width="0.1524"/><wire cap="round" x1="1.26990852880952" y1="1.85597126998469" x2="0.150645552335143" y2="0.838459735984588" layer="94" curve="78.62355" width="0.1524"/><wire cap="round" x1="2.36450120579728" y1="0.838494428025542" x2="1.27012877312548" y2="1.85651638163673" layer="94" curve="79.52696" width="0.1524"/><wire cap="round" x1="2.53556331240561" y1="-0.177885354456139" x2="2.35799865867502" y2="0.83677165558159" layer="94" curve="17.67289" width="0.1524"/><wire cap="round" x1="-2.37913022471952" y1="0.835686100537919" x2="-2.53118714921945" y2="-6.24824274872179E-04" layer="94" curve="12.47546" width="0.1524"/><wire cap="round" x1="-1.27009153439261" y1="1.85597127646014" x2="-2.38935453412885" y2="0.838459585207164" layer="94" curve="78.62356" width="0.1524"/><wire cap="round" x1="-0.17549876466415" y1="0.838494473537584" x2="-1.26987119733595" y2="1.85651642714878" layer="94" curve="79.52696" width="0.1524"/><wire cap="round" x1="-4.43666361586885E-03" y1="-0.177885358125391" x2="-0.182001317346461" y2="0.836771651912338" layer="94" curve="17.67289" width="0.1524"/><wire x1="-7.62" y1="1.31748834064638E-14" x2="-5.08" y2="1.3716316971113E-14" width="0.1524" layer="94"/><wire cap="round" x1="-4.91913036648931" y1="0.835686111441321" x2="-5.07118729098924" y2="-6.2481337147006E-04" layer="94" curve="12.47546" width="0.1524"/><wire cap="round" x1="-3.81009141933233" y1="1.85597124231149" x2="-4.9293543958067" y2="0.838459708311387" layer="94" curve="78.62355" width="0.1524"/><wire cap="round" x1="-2.71549867276639" y1="0.838494472482158" x2="-3.80987126078252" y2="1.85651643468738" layer="94" curve="79.52697" width="0.1524"/><wire cap="round" x1="-2.54443665882017" y1="-0.177885354014588" x2="-2.72200131255076" y2="0.836771656023141" layer="94" curve="17.67289" width="0.1524"/><wire cap="round" x1="-2.54499763137906" y1="2.51755460236626E-03" x2="-2.54499765572502" y2="-0.180317541662839" layer="94" curve="53.47319" width="0.1524"/><wire cap="round" x1="-4.99761237348031E-03" y1="2.51757271580121E-03" x2="-4.9976367194459E-03" y2="-0.180317523549404" layer="94" curve="53.47319" width="0.1524"/><wire cap="round" x1="2.53500243197289" y1="2.51757460827418E-03" x2="2.53500238936746" y2="-0.180317485409697" layer="94" curve="53.47318" width="0.1524"/><text size="2" x="0" y="5.715" layer="95" align="center">&gt;NAME</text><text size="2" x="0" y="3.175" layer="96" align="center">&gt;VALUE</text></symbol><symbol name="CRCW040222K6FKED@1"><pin name="1@1" x="7.62" y="0" rot="MR0" direction="pas" length="short" visible="off" swaplevel="0"/><pin name="2@2" x="-7.62" y="0" rot="MR180" direction="pas" length="short" visible="off" swaplevel="0"/><wire x1="7.62" y1="0" x2="5.08" y2="0" width="0.1524" layer="94"/><wire x1="5.08" y1="0" x2="3.81" y2="1.524" width="0.1524" layer="94"/><wire x1="3.81" y1="1.524" x2="1.905" y2="-1.524" width="0.1524" layer="94"/><wire x1="1.905" y1="-1.524" x2="0" y2="1.524" width="0.1524" layer="94"/><wire x1="0" y1="1.524" x2="-1.905" y2="-1.524" width="0.1524" layer="94"/><wire x1="-1.905" y1="-1.524" x2="-3.81" y2="1.524" width="0.1524" layer="94"/><wire x1="-3.81" y1="1.524" x2="-5.08" y2="0" width="0.1524" layer="94"/><wire x1="-5.08" y1="0" x2="-7.62" y2="0" width="0.1524" layer="94"/><text size="2" x="0" y="5.715" layer="95" align="center">&gt;NAME</text><text size="2" x="0" y="3.175" layer="96" align="center">&gt;VALUE</text></symbol><symbol name="RC0603FR-0782KL@1"><pin name="1@1" x="7.62" y="0" rot="MR0" direction="pas" length="short" visible="off" swaplevel="0"/><pin name="2@2" x="-7.62" y="0" rot="MR180" direction="pas" length="short" visible="off" swaplevel="0"/><wire x1="7.62" y1="0" x2="5.08" y2="0" width="0.1524" layer="94"/><wire x1="5.08" y1="0" x2="3.81" y2="1.524" width="0.1524" layer="94"/><wire x1="3.81" y1="1.524" x2="1.905" y2="-1.524" width="0.1524" layer="94"/><wire x1="1.905" y1="-1.524" x2="0" y2="1.524" width="0.1524" layer="94"/><wire x1="0" y1="1.524" x2="-1.905" y2="-1.524" width="0.1524" layer="94"/><wire x1="-1.905" y1="-1.524" x2="-3.81" y2="1.524" width="0.1524" layer="94"/><wire x1="-3.81" y1="1.524" x2="-5.08" y2="0" width="0.1524" layer="94"/><wire x1="-5.08" y1="0" x2="-7.62" y2="0" width="0.1524" layer="94"/><text size="2" x="0" y="5.715" layer="95" align="center">&gt;NAME</text><text size="2" x="0" y="3.175" layer="96" align="center">&gt;VALUE</text></symbol><symbol name="CRCW0402243KFKED@1"><pin name="1@1" x="7.62" y="0" rot="MR0" direction="pas" length="short" visible="off" swaplevel="0"/><pin name="2@2" x="-7.62" y="0" rot="MR180" direction="pas" length="short" visible="off" swaplevel="0"/><wire x1="7.62" y1="0" x2="5.08" y2="0" width="0.1524" layer="94"/><wire x1="5.08" y1="0" x2="3.81" y2="1.524" width="0.1524" layer="94"/><wire x1="3.81" y1="1.524" x2="1.905" y2="-1.524" width="0.1524" layer="94"/><wire x1="1.905" y1="-1.524" x2="0" y2="1.524" width="0.1524" layer="94"/><wire x1="0" y1="1.524" x2="-1.905" y2="-1.524" width="0.1524" layer="94"/><wire x1="-1.905" y1="-1.524" x2="-3.81" y2="1.524" width="0.1524" layer="94"/><wire x1="-3.81" y1="1.524" x2="-5.08" y2="0" width="0.1524" layer="94"/><wire x1="-5.08" y1="0" x2="-7.62" y2="0" width="0.1524" layer="94"/><text size="2" x="0" y="5.715" layer="95" align="center">&gt;NAME</text><text size="2" x="0" y="3.175" layer="96" align="center">&gt;VALUE</text></symbol><symbol name="ERJ-8ENF1433V@1"><pin name="1@1" x="7.62" y="0" rot="MR0" direction="pas" length="short" visible="off" swaplevel="0"/><pin name="2@2" x="-7.62" y="0" rot="MR180" direction="pas" length="short" visible="off" swaplevel="0"/><wire x1="7.62" y1="0" x2="5.08" y2="0" width="0.1524" layer="94"/><wire x1="5.08" y1="0" x2="3.81" y2="1.524" width="0.1524" layer="94"/><wire x1="3.81" y1="1.524" x2="1.905" y2="-1.524" width="0.1524" layer="94"/><wire x1="1.905" y1="-1.524" x2="0" y2="1.524" width="0.1524" layer="94"/><wire x1="0" y1="1.524" x2="-1.905" y2="-1.524" width="0.1524" layer="94"/><wire x1="-1.905" y1="-1.524" x2="-3.81" y2="1.524" width="0.1524" layer="94"/><wire x1="-3.81" y1="1.524" x2="-5.08" y2="0" width="0.1524" layer="94"/><wire x1="-5.08" y1="0" x2="-7.62" y2="0" width="0.1524" layer="94"/><text size="2" x="0" y="5.715" layer="95" align="center">&gt;NAME</text><text size="2" x="0" y="3.175" layer="96" align="center">&gt;VALUE</text></symbol><symbol name="ERJ-8ENF5233V@1"><pin name="1@1" x="7.62" y="0" rot="MR0" direction="pas" length="short" visible="off" swaplevel="0"/><pin name="2@2" x="-7.62" y="0" rot="MR180" direction="pas" length="short" visible="off" swaplevel="0"/><wire x1="7.62" y1="0" x2="5.08" y2="0" width="0.1524" layer="94"/><wire x1="5.08" y1="0" x2="3.81" y2="1.524" width="0.1524" layer="94"/><wire x1="3.81" y1="1.524" x2="1.905" y2="-1.524" width="0.1524" layer="94"/><wire x1="1.905" y1="-1.524" x2="0" y2="1.524" width="0.1524" layer="94"/><wire x1="0" y1="1.524" x2="-1.905" y2="-1.524" width="0.1524" layer="94"/><wire x1="-1.905" y1="-1.524" x2="-3.81" y2="1.524" width="0.1524" layer="94"/><wire x1="-3.81" y1="1.524" x2="-5.08" y2="0" width="0.1524" layer="94"/><wire x1="-5.08" y1="0" x2="-7.62" y2="0" width="0.1524" layer="94"/><text size="2" x="0" y="5.715" layer="95" align="center">&gt;NAME</text><text size="2" x="0" y="3.175" layer="96" align="center">&gt;VALUE</text></symbol><symbol name="TPS61089RNRR@1"><wire x1="-12.7" y1="-30.48" x2="12.7" y2="-30.48" width="0.2032" layer="94"/><wire x1="12.7" y1="-30.48" x2="12.7" y2="30.48" width="0.2032" layer="94"/><wire x1="12.7" y1="30.48" x2="-12.7" y2="30.48" width="0.2032" layer="94"/><wire x1="-12.7" y1="30.48" x2="-12.7" y2="-30.48" width="0.2032" layer="94"/><pin name="FSW@1" x="17.78" y="5.08" rot="MR0" direction="in" length="middle" visible="both" swaplevel="0"/><pin name="VCC@2" x="-17.78" y="20.32" rot="MR180" direction="pwr" length="middle" visible="both" swaplevel="0"/><pin name="FB@3" x="17.78" y="-15.24" rot="MR0" direction="in" length="middle" visible="both" swaplevel="0"/><pin name="COMP@4" x="-17.78" y="2.54" rot="MR180" direction="out" length="middle" visible="both" swaplevel="0"/><pin name="GND@5" x="17.78" y="-27.94" rot="MR0" direction="pwr" length="middle" visible="both" swaplevel="0"/><pin name="VOUT@6" x="17.78" y="-5.08" rot="MR0" direction="pwr" length="middle" visible="both" swaplevel="0"/><pin name="EN@7" x="-17.78" y="10.16" rot="MR180" direction="in" length="middle" visible="both" swaplevel="0"/><pin name="ILIM@8" x="-17.78" y="-5.08" rot="MR180" direction="in" length="middle" visible="both" swaplevel="0"/><pin name="VIN@9" x="-17.78" y="25.4" rot="MR180" direction="pwr" length="middle" visible="both" swaplevel="0"/><pin name="BOOT@10" x="17.78" y="25.4" rot="MR0" direction="pwr" length="middle" visible="both" swaplevel="0"/><pin name="SW@11" x="17.78" y="15.24" rot="MR0" direction="pwr" length="middle" visible="both" swaplevel="0"/><text size="2" x="0" y="2.54" layer="95" align="center">&gt;NAME</text><text size="2" x="0" y="0" layer="96" align="center">&gt;VALUE</text><text size="2" x="0" y="0" layer="96" align="center">&gt;VALUE</text></symbol><symbol name="WB_BATTERY@1"><pin name="+@1" x="-7.62" y="0" rot="MR180" direction="pas" length="short" visible="off" swaplevel="0"/><pin name="-@2" x="7.62" y="0" rot="MR0" direction="pas" length="short" visible="off" swaplevel="0"/><wire x1="-2.032" y1="0" x2="-7.62" y2="0" width="0.1524" layer="94"/><wire x1="-1.778" y1="-3.048" x2="-1.778" y2="3.048" width="0.1524" layer="94"/><wire x1="1.016" y1="-3.048" x2="1.016" y2="3.048" width="0.1524" layer="94"/><wire x1="7.62" y1="0" x2="2.794" y2="0" width="0.1524" layer="94"/><wire x1="-0.508" y1="-1.27" x2="-0.508" y2="1.27" width="0.1524" layer="94"/><wire x1="-0.254" y1="-1.27" x2="-0.254" y2="1.27" width="0.1524" layer="94"/><wire x1="-3.556" y1="2.286" x2="-3.556" y2="3.81" width="0.1524" layer="94"/><wire x1="-2.794" y1="3.048" x2="-4.318" y2="3.048" width="0.1524" layer="94"/><wire x1="3.302" y1="2.54" x2="3.302" y2="3.81" width="0.1524" layer="94"/><wire x1="2.54" y1="-1.27" x2="2.54" y2="1.27" width="0.1524" layer="94"/><wire x1="2.286" y1="-1.27" x2="2.286" y2="1.27" width="0.1524" layer="94"/><text size="2" x="0" y="5.08" layer="95" align="center">&gt;NAME</text></symbol><symbol name="GRM31CR61A476KE15L@1"><pin name="1@1" x="7.62" y="0" rot="MR0" direction="pas" length="short" visible="off" swaplevel="0"/><pin name="2@2" x="-7.62" y="0" rot="MR180" direction="pas" length="short" visible="off" swaplevel="0"/><wire x1="7.62" y1="0" x2="5.08" y2="0" width="0.1524" layer="94"/><wire x1="-7.62" y1="0" x2="-5.08" y2="0" width="0.1524" layer="94"/><wire x1="0.762" y1="-3.048" x2="0.762" y2="3.048" width="0.1524" layer="94"/><wire x1="-5.08" y1="0" x2="-0.762" y2="0" width="0.1524" layer="94"/><wire x1="0.762" y1="0" x2="5.08" y2="0" width="0.1524" layer="94"/><wire x1="-0.762" y1="-3.048" x2="-0.762" y2="3.048" width="0.1524" layer="94"/><text size="2" x="0" y="7.62" layer="95" align="center">&gt;NAME</text><text size="2" x="0" y="5.08" layer="96" align="center">&gt;VALUE</text></symbol></symbols><devicesets><deviceset name="GRM155R61A104KA01D" prefix=""><gates><gate name="1" addlevel="always" y="0" x="0" symbol="GRM155R61A104KA01D@1"/></gates><devices><device name="GRM155R61A104KA01D" package="0402"><connects><connect pad="1" pin="1@1" gate="1"/><connect pad="2" pin="2@2" gate="1"/></connects><technologies><technology name=""><attribute name="Cap" value="1.0E-7" constant="no"/><attribute name="ESR" value="0.0" constant="no"/><attribute name="IRMS" value="0.0" constant="no"/><attribute name="VDC" value="10.0" constant="no"/><attribute name="Manufacturer_Part_Number" value="GRM155R61A104KA01D" constant="no"/><attribute name="Vendor" value="MuRata" constant="no"/><attribute name="Manufacturer_Name" value="MuRata" constant="no"/></technology></technologies></device></devices></deviceset><deviceset name="CL21C122JBFNNWE" prefix=""><gates><gate name="1" addlevel="always" y="0" x="0" symbol="CL21C122JBFNNWE@1"/></gates><devices><device name="CL21C122JBFNNWE" package="0805"><connects><connect pad="1" pin="1@1" gate="1"/><connect pad="2" pin="2@2" gate="1"/></connects><technologies><technology name=""><attribute name="Datasheet_URL" value="http://www.samsungsem.com/servlet/FileDownload?type%3Dspec%26file%3DCL21C122JBFNNWE.pdf" constant="no"/><attribute name="Cap" value="1.2E-9" constant="no"/><attribute name="ESR" value="0.0" constant="no"/><attribute name="IRMS" value="0.0" constant="no"/><attribute name="VDC" value="50.0" constant="no"/><attribute name="Manufacturer_Part_Number" value="CL21C122JBFNNWE" constant="no"/><attribute name="Vendor" value="Samsung Electro-Mechanics" constant="no"/><attribute name="Manufacturer_Name" value="Samsung Electro-Mechanics" constant="no"/></technology></technologies></device></devices></deviceset><deviceset name="CL21C620JBANNNC" prefix=""><gates><gate name="1" addlevel="always" y="0" x="0" symbol="CL21C620JBANNNC@1"/></gates><devices><device name="CL21C620JBANNNC" package="0805"><connects><connect pad="1" pin="1@1" gate="1"/><connect pad="2" pin="2@2" gate="1"/></connects><technologies><technology name=""><attribute name="Datasheet_URL" value="http://www.samsungsem.com/servlet/FileDownload?type%3Dspec%26file%3DCL21C620JBANNNC.pdf" constant="no"/><attribute name="Cap" value="6.2E-11" constant="no"/><attribute name="ESR" value="0.0" constant="no"/><attribute name="IRMS" value="0.0" constant="no"/><attribute name="VDC" value="50.0" constant="no"/><attribute name="Manufacturer_Part_Number" value="CL21C620JBANNNC" constant="no"/><attribute name="Vendor" value="Samsung Electro-Mechanics" constant="no"/><attribute name="Manufacturer_Name" value="Samsung Electro-Mechanics" constant="no"/></technology></technologies></device></devices></deviceset><deviceset name="GRM155R60J104KA01D" prefix=""><gates><gate name="1" addlevel="always" y="0" x="0" symbol="GRM155R60J104KA01D@1"/></gates><devices><device name="GRM155R60J104KA01D" package="0402"><connects><connect pad="1" pin="1@1" gate="1"/><connect pad="2" pin="2@2" gate="1"/></connects><technologies><technology name=""><attribute name="Cap" value="1.0E-7" constant="no"/><attribute name="ESR" value="0.0" constant="no"/><attribute name="IRMS" value="0.0" constant="no"/><attribute name="VDC" value="6.3" constant="no"/><attribute name="Manufacturer_Part_Number" value="GRM155R60J104KA01D" constant="no"/><attribute name="Vendor" value="MuRata" constant="no"/><attribute name="Manufacturer_Name" value="MuRata" constant="no"/></technology></technologies></device></devices></deviceset><deviceset name="WB_CURRENT_LOAD" prefix=""><gates><gate name="1" addlevel="always" y="0" x="0" symbol="WB_CURRENT_LOAD@1"/></gates><devices><device name="WB_CURRENT_LOAD" package="WB_CURRENT_LOAD"><connects><connect pad="1" pin="+@1" gate="1"/><connect pad="2" pin="-@2" gate="1"/></connects><technologies><technology name=""><attribute name="Value" value="Value" constant="no"/><attribute name="Manufacturer_Part_Number" value="WB_CURRENT_LOAD" constant="no"/><attribute name="Manufacturer_Name" value="WB_CURRENT_LOAD" constant="no"/><attribute name="PowerPortType" value="POWER_GROUND" constant="no"/></technology></technologies></device></devices></deviceset><deviceset name="GRM188R61A225KE34D" prefix=""><gates><gate name="1" addlevel="always" y="0" x="0" symbol="GRM188R61A225KE34D@1"/></gates><devices><device name="GRM188R61A225KE34D" package="0603"><connects><connect pad="1" pin="1@1" gate="1"/><connect pad="2" pin="2@2" gate="1"/></connects><technologies><technology name=""><attribute name="Cap" value="2.2E-6" constant="no"/><attribute name="ESR" value="0.0" constant="no"/><attribute name="IRMS" value="0.0" constant="no"/><attribute name="VDC" value="10.0" constant="no"/><attribute name="Manufacturer_Part_Number" value="GRM188R61A225KE34D" constant="no"/><attribute name="Vendor" value="MuRata" constant="no"/><attribute name="Manufacturer_Name" value="MuRata" constant="no"/></technology></technologies></device></devices></deviceset><deviceset name="WB_GND" prefix=""><gates><gate name="1" addlevel="always" y="0" x="0" symbol="WB_GND@1"/></gates><devices><device name="WB_GND" package="WB_GND"><connects><connect pad="1" pin="1@1" gate="1"/></connects><technologies><technology name=""><attribute name="Value" value="Value" constant="no"/><attribute name="Manufacturer_Part_Number" value="WB_GND" constant="no"/><attribute name="Manufacturer_Name" value="WB_GND" constant="no"/><attribute name="PowerPortType" value="POWER_GROUND" constant="no"/></technology></technologies></device></devices></deviceset><deviceset name="IHLP2020CZERR82M01" prefix=""><gates><gate name="1" addlevel="always" y="0" x="0" symbol="IHLP2020CZERR82M01@1"/></gates><devices><device name="IHLP2020CZERR82M01" package="IHLP-2020CZ"><connects><connect pad="1" pin="1@1" gate="1"/><connect pad="2" pin="2@2" gate="1"/></connects><technologies><technology name=""><attribute name="Datasheet_URL" value="http://www.vishay.com/docs/34280/lp20cz01.pdf" constant="no"/><attribute name="L" value="8.2E-7" constant="no"/><attribute name="DCR" value="11.9" constant="no"/><attribute name="IDC" value="9.3" constant="no"/><attribute name="Manufacturer_Part_Number" value="IHLP2020CZERR82M01" constant="no"/><attribute name="Vendor" value="Vishay-Dale" constant="no"/><attribute name="Description" value="Unknown" constant="no"/><attribute name="PACKAGE_DESIGNATOR" value="IHLP-2020CZ" constant="no"/><attribute name="Manufacturer" value="Vishay" constant="no"/><attribute name="Manufacturer_Name" value="Vishay-Dale" constant="no"/></technology></technologies></device></devices></deviceset><deviceset name="CRCW040222K6FKED" prefix=""><gates><gate name="1" addlevel="always" y="0" x="0" symbol="CRCW040222K6FKED@1"/></gates><devices><device name="CRCW040222K6FKED" package="0402"><connects><connect pad="1" pin="1@1" gate="1"/><connect pad="2" pin="2@2" gate="1"/></connects><technologies><technology name=""><attribute name="Resistance" value="22600.0" constant="no"/><attribute name="Power" value="0.063" constant="no"/><attribute name="Tolerance" value="1.0" constant="no"/><attribute name="Manufacturer_Part_Number" value="CRCW040222K6FKED" constant="no"/><attribute name="Vendor" value="Vishay-Dale" constant="no"/><attribute name="Manufacturer_Name" value="Vishay-Dale" constant="no"/></technology></technologies></device></devices></deviceset><deviceset name="RC0603FR-0782KL" prefix=""><gates><gate name="1" addlevel="always" y="0" x="0" symbol="RC0603FR-0782KL@1"/></gates><devices><device name="RC0603FR-0782KL" package="0603"><connects><connect pad="1" pin="1@1" gate="1"/><connect pad="2" pin="2@2" gate="1"/></connects><technologies><technology name=""><attribute name="Resistance" value="82000.0" constant="no"/><attribute name="Power" value="0.1" constant="no"/><attribute name="Tolerance" value="1.0" constant="no"/><attribute name="Manufacturer_Part_Number" value="RC0603FR-0782KL" constant="no"/><attribute name="Vendor" value="Yageo America" constant="no"/><attribute name="Manufacturer_Name" value="Yageo America" constant="no"/></technology></technologies></device></devices></deviceset><deviceset name="CRCW0402243KFKED" prefix=""><gates><gate name="1" addlevel="always" y="0" x="0" symbol="CRCW0402243KFKED@1"/></gates><devices><device name="CRCW0402243KFKED" package="0402"><connects><connect pad="1" pin="1@1" gate="1"/><connect pad="2" pin="2@2" gate="1"/></connects><technologies><technology name=""><attribute name="Resistance" value="243000.0" constant="no"/><attribute name="Power" value="0.063" constant="no"/><attribute name="Tolerance" value="1.0" constant="no"/><attribute name="Manufacturer_Part_Number" value="CRCW0402243KFKED" constant="no"/><attribute name="Vendor" value="Vishay-Dale" constant="no"/><attribute name="Manufacturer_Name" value="Vishay-Dale" constant="no"/></technology></technologies></device></devices></deviceset><deviceset name="ERJ-8ENF1433V" prefix=""><gates><gate name="1" addlevel="always" y="0" x="0" symbol="ERJ-8ENF1433V@1"/></gates><devices><device name="ERJ-8ENF1433V" package="1206"><connects><connect pad="1" pin="1@1" gate="1"/><connect pad="2" pin="2@2" gate="1"/></connects><technologies><technology name=""><attribute name="Resistance" value="143000.0" constant="no"/><attribute name="Power" value="0.25" constant="no"/><attribute name="Tolerance" value="1.0" constant="no"/><attribute name="Manufacturer_Part_Number" value="ERJ-8ENF1433V" constant="no"/><attribute name="Vendor" value="Panasonic" constant="no"/><attribute name="Manufacturer_Name" value="Panasonic" constant="no"/></technology></technologies></device></devices></deviceset><deviceset name="ERJ-8ENF5233V" prefix=""><gates><gate name="1" addlevel="always" y="0" x="0" symbol="ERJ-8ENF5233V@1"/></gates><devices><device name="ERJ-8ENF5233V" package="1206"><connects><connect pad="1" pin="1@1" gate="1"/><connect pad="2" pin="2@2" gate="1"/></connects><technologies><technology name=""><attribute name="Resistance" value="523000.0" constant="no"/><attribute name="Power" value="0.25" constant="no"/><attribute name="Tolerance" value="1.0" constant="no"/><attribute name="Manufacturer_Part_Number" value="ERJ-8ENF5233V" constant="no"/><attribute name="Vendor" value="Panasonic" constant="no"/><attribute name="Manufacturer_Name" value="Panasonic" constant="no"/></technology></technologies></device></devices></deviceset><deviceset name="TPS61089RNRR" prefix="U"><gates><gate name="1" addlevel="always" y="0" x="0" symbol="TPS61089RNRR@1"/></gates><devices><device name="TPS61089RNRR" package="RNR0011A"><connects><connect pad="1" pin="FSW@1" gate="1"/><connect pad="2" pin="VCC@2" gate="1"/><connect pad="3" pin="FB@3" gate="1"/><connect pad="4" pin="COMP@4" gate="1"/><connect pad="5" pin="GND@5" gate="1"/><connect pad="6" pin="VOUT@6" gate="1"/><connect pad="7" pin="EN@7" gate="1"/><connect pad="8" pin="ILIM@8" gate="1"/><connect pad="9" pin="VIN@9" gate="1"/><connect pad="10" pin="BOOT@10" gate="1"/><connect pad="11" pin="SW@11" gate="1"/></connects><technologies><technology name=""><attribute name="PartNumber" value="TPS61089RNRR" constant="no"/><attribute name="Manufacturer" value="Texas Instruments" constant="no"/><attribute name="RefDes" value="RefDes" constant="no"/><attribute name="TYPE" value="TYPE" constant="no"/><attribute name="Value" value="Value" constant="no"/><attribute name="Manufacturer_Part_Number" value="TPS61089RNRR" constant="no"/><attribute name="Manufacturer_Name" value="Texas Instruments" constant="no"/></technology></technologies></device></devices></deviceset><deviceset name="WB_BATTERY" prefix=""><gates><gate name="1" addlevel="always" y="0" x="0" symbol="WB_BATTERY@1"/></gates><devices><device name="WB_BATTERY" package="WB_BATTERY"><connects><connect pad="1" pin="+@1" gate="1"/><connect pad="2" pin="-@2" gate="1"/></connects><technologies><technology name=""><attribute name="Value" value="Value" constant="no"/><attribute name="Manufacturer_Part_Number" value="WB_BATTERY" constant="no"/><attribute name="Manufacturer_Name" value="WB_BATTERY" constant="no"/><attribute name="PowerPortType" value="POWER_GROUND" constant="no"/></technology></technologies></device></devices></deviceset><deviceset name="GRM31CR61A476KE15L" prefix=""><gates><gate name="1" addlevel="always" y="0" x="0" symbol="GRM31CR61A476KE15L@1"/></gates><devices><device name="GRM31CR61A476KE15L" package="1206_190"><connects><connect pad="1" pin="1@1" gate="1"/><connect pad="2" pin="2@2" gate="1"/></connects><technologies><technology name=""><attribute name="Cap" value="4.7E-5" constant="no"/><attribute name="ESR" value="0.0" constant="no"/><attribute name="IRMS" value="0.0" constant="no"/><attribute name="VDC" value="10.0" constant="no"/><attribute name="Manufacturer_Part_Number" value="GRM31CR61A476KE15L" constant="no"/><attribute name="Vendor" value="MuRata" constant="no"/><attribute name="Manufacturer_Name" value="MuRata" constant="no"/></technology></technologies></device></devices></deviceset></devicesets></library></libraries><attributes/><variantdefs/><classes><class number="0" name="default" width="0" drill="0"/></classes><parts><part name="CBST" library="AcceleratedDesigns_Lib" device="GRM155R61A104KA01D" deviceset="GRM155R61A104KA01D" value="100nF"/><part name="CCOMP" library="AcceleratedDesigns_Lib" device="CL21C122JBFNNWE" deviceset="CL21C122JBFNNWE" value="1.2nF"/><part name="CCOMP2" library="AcceleratedDesigns_Lib" device="CL21C620JBANNNC" deviceset="CL21C620JBANNNC" value="62pF"/><part name="CIN" library="AcceleratedDesigns_Lib" device="GRM31CR61A476KE15L" deviceset="GRM31CR61A476KE15L" value="47uF"/><part name="CIN2" library="AcceleratedDesigns_Lib" device="GRM155R60J104KA01D" deviceset="GRM155R60J104KA01D" value="100nF"/><part name="COUT" library="AcceleratedDesigns_Lib" device="GRM31CR61A476KE15L" deviceset="GRM31CR61A476KE15L" value="47uF"/><part name="CVCC" library="AcceleratedDesigns_Lib" device="GRM188R61A225KE34D" deviceset="GRM188R61A225KE34D" value="2.2uF"/><part name="GND1" library="AcceleratedDesigns_Lib" device="WB_GND" deviceset="WB_GND" value="WB_GND"/><part name="L1" library="AcceleratedDesigns_Lib" device="IHLP2020CZERR82M01" deviceset="IHLP2020CZERR82M01" value="820nH"/><part name="RCOMP" library="AcceleratedDesigns_Lib" device="CRCW040222K6FKED" deviceset="CRCW040222K6FKED" value="22.6k"/><part name="RFBB" library="AcceleratedDesigns_Lib" device="RC0603FR-0782KL" deviceset="RC0603FR-0782KL" value="82k"/><part name="RFBT" library="AcceleratedDesigns_Lib" device="CRCW0402243KFKED" deviceset="CRCW0402243KFKED" value="243k"/><part name="RLIM" library="AcceleratedDesigns_Lib" device="ERJ-8ENF1433V" deviceset="ERJ-8ENF1433V" value="143k"/><part name="RT" library="AcceleratedDesigns_Lib" device="ERJ-8ENF5233V" deviceset="ERJ-8ENF5233V" value="523k"/><part name="U1" library="AcceleratedDesigns_Lib" device="TPS61089RNRR" deviceset="TPS61089RNRR" value="TPS61089RNRR"/><part name="VIN" library="AcceleratedDesigns_Lib" device="WB_BATTERY" deviceset="WB_BATTERY" value="WB_BATTERY"/><part name="IOUT" library="AcceleratedDesigns_Lib" device="WB_CURRENT_LOAD" deviceset="WB_CURRENT_LOAD" value="WB_CURRENT_LOAD"/><part name="CIN_2" library="AcceleratedDesigns_Lib" device="GRM31CR61A476KE15L" deviceset="GRM31CR61A476KE15L" value="47uF"/><part name="CIN_3" library="AcceleratedDesigns_Lib" device="GRM31CR61A476KE15L" deviceset="GRM31CR61A476KE15L" value="47uF"/><part name="COUT_2" library="AcceleratedDesigns_Lib" device="GRM31CR61A476KE15L" deviceset="GRM31CR61A476KE15L" value="47uF"/></parts><sheets><sheet><plain/><instances><instance part="Cbst" gate="1" x="402.59" y="139.7" rot="R180" smashed="yes"><attribute name="NAME" x="402.59" y="145.796" size="2" layer="95" rot="R0" align="bottom-center"/><attribute name="VALUE" x="402.59" y="132.842" size="2" layer="96" rot="R0" align="bottom-center"/></instance><instance part="Ccomp" gate="1" x="281.94" y="58.42" rot="R90" smashed="yes"><attribute name="NAME" x="284.988" y="62.738" size="2" layer="95" rot="R0" align="bottom-left"/><attribute name="VALUE" x="284.988" y="58.166" size="2" layer="96" rot="R0" align="bottom-left"/></instance><instance part="Ccomp2" gate="1" x="250.19" y="81.28" rot="R90" smashed="yes"><attribute name="NAME" x="253.238" y="85.598" size="2" layer="95" rot="R0" align="bottom-left"/><attribute name="VALUE" x="253.238" y="81.026" size="2" layer="96" rot="R0" align="bottom-left"/></instance><instance part="Cin" gate="1" x="99.06" y="81.28" rot="R90" smashed="yes"><attribute name="NAME" x="102.108" y="85.598" size="2" layer="95" rot="R0" align="bottom-left"/><attribute name="VALUE" x="102.108" y="81.026" size="2" layer="96" rot="R0" align="bottom-left"/></instance><instance part="Cin2" gate="1" x="171.45" y="81.28" rot="R90" smashed="yes"><attribute name="NAME" x="174.498" y="85.598" size="2" layer="95" rot="R0" align="bottom-left"/><attribute name="VALUE" x="174.498" y="81.026" size="2" layer="96" rot="R0" align="bottom-left"/></instance><instance part="Cout" gate="1" x="463.55" y="71.12" rot="R90" smashed="yes"><attribute name="NAME" x="466.598" y="75.438" size="2" layer="95" rot="R0" align="bottom-left"/><attribute name="VALUE" x="466.598" y="70.866" size="2" layer="96" rot="R0" align="bottom-left"/></instance><instance part="Cvcc" gate="1" x="210.82" y="81.28" rot="R90" smashed="yes"><attribute name="NAME" x="213.868" y="85.598" size="2" layer="95" rot="R0" align="bottom-left"/><attribute name="VALUE" x="213.868" y="81.026" size="2" layer="96" rot="R0" align="bottom-left"/></instance><instance part="GND1" gate="1" x="299.72" y="27.94" rot="R0" smashed="yes"><attribute name="NAME" x="299.72" y="33.528" size="2" layer="95" display="off" rot="R0" align="bottom-center"/></instance><instance part="L1" gate="1" x="367.03" y="167.64" rot="R0" smashed="yes"><attribute name="NAME" x="367.03" y="171.958" size="2" layer="95" rot="R0" align="bottom-center"/><attribute name="VALUE" x="367.03" y="162.56" size="2" layer="96" rot="R0" align="bottom-center"/></instance><instance part="Rcomp" gate="1" x="281.94" y="87.63" rot="R90" smashed="yes"><attribute name="NAME" x="283.464" y="90.424" size="2" layer="95" rot="R0" align="bottom-left"/><attribute name="VALUE" x="283.464" y="85.852" size="2" layer="96" rot="R0" align="bottom-left"/></instance><instance part="Rfbb" gate="1" x="427.99" y="49.53" rot="R90" smashed="yes"><attribute name="NAME" x="429.514" y="52.324" size="2" layer="95" rot="R0" align="bottom-left"/><attribute name="VALUE" x="429.514" y="47.752" size="2" layer="96" rot="R0" align="bottom-left"/></instance><instance part="Rfbt" gate="1" x="427.99" y="87.63" rot="R90" smashed="yes"><attribute name="NAME" x="429.514" y="90.424" size="2" layer="95" rot="R0" align="bottom-left"/><attribute name="VALUE" x="429.514" y="85.852" size="2" layer="96" rot="R0" align="bottom-left"/></instance><instance part="Rlim" gate="1" x="318.77" y="71.12" rot="R90" smashed="yes"><attribute name="NAME" x="320.294" y="73.914" size="2" layer="95" rot="R0" align="bottom-left"/><attribute name="VALUE" x="320.294" y="69.342" size="2" layer="96" rot="R0" align="bottom-left"/></instance><instance part="Rt" gate="1" x="452.12" y="144.78" rot="R90" smashed="yes"><attribute name="NAME" x="453.644" y="147.574" size="2" layer="95" rot="R0" align="bottom-left"/><attribute name="VALUE" x="453.644" y="143.002" size="2" layer="96" rot="R0" align="bottom-left"/></instance><instance part="U1" gate="1" x="367.03" y="114.3" rot="R0" smashed="yes"><attribute name="NAME" x="367.03" y="114.3" size="2" layer="95" rot="R0" align="bottom-center"/><attribute name="TYPE" x="367.03" y="110.49" size="2" layer="96" rot="R0" align="bottom-center"/></instance><instance part="Vin" gate="1" x="29.21" y="81.28" rot="R270" smashed="yes"><attribute name="NAME" x="33.02" y="86.36" size="2" layer="95" rot="R0" align="bottom-left"/></instance><instance part="Iout" gate="1" x="549.91" y="73.66" rot="R270" smashed="yes"><attribute name="NAME" x="553.974" y="78.994" size="2" layer="95" rot="R0" align="bottom-left"/></instance><instance part="Cin_2" gate="1" x="116.84" y="81.28" rot="R90" smashed="yes"><attribute name="NAME" x="119.888" y="85.598" size="2" layer="95" rot="R0" align="bottom-left"/><attribute name="VALUE" x="119.888" y="81.026" size="2" layer="96" rot="R0" align="bottom-left"/></instance><instance part="Cin_3" gate="1" x="134.62" y="81.28" rot="R90" smashed="yes"><attribute name="NAME" x="137.668" y="85.598" size="2" layer="95" rot="R0" align="bottom-left"/><attribute name="VALUE" x="137.668" y="81.026" size="2" layer="96" rot="R0" align="bottom-left"/></instance><instance part="Cout_2" gate="1" x="481.33" y="71.12" rot="R90" smashed="yes"><attribute name="NAME" x="484.378" y="75.438" size="2" layer="95" rot="R0" align="bottom-left"/><attribute name="VALUE" x="484.378" y="70.866" size="2" layer="96" rot="R0" align="bottom-left"/></instance></instances><busses/><nets><net name="10" class="0"><segment><pinref part="Cbst" pin="1@1" gate="1"/><pinref part="U1" pin="BOOT@10" gate="1"/><wire x1="384.81" y1="139.7" x2="394.97" y2="139.7" width="0" layer="91"/></segment></net><net name="8" class="0"><segment><pinref part="Cbst" pin="2@2" gate="1"/><pinref part="L1" pin="2@2" gate="1"/><pinref part="Rt" pin="1@1" gate="1"/><pinref part="U1" pin="SW@11" gate="1"/><wire x1="410.21" y1="139.7" x2="427.99" y2="139.7" width="0" layer="91"/><wire x1="427.99" y1="129.54" x2="384.81" y2="129.54" width="0" layer="91"/><wire x1="427.99" y1="167.64" x2="427.99" y2="129.54" width="0" layer="91"/><wire x1="374.65" y1="167.64" x2="452.12" y2="167.64" width="0" layer="91"/><wire x1="452.12" y1="167.64" x2="452.12" y2="152.4" width="0" layer="91"/></segment></net><net name="5" class="0"><segment><pinref part="Ccomp" pin="1@1" gate="1"/><pinref part="Rcomp" pin="2@2" gate="1"/><wire x1="281.94" y1="80.01" x2="281.94" y2="66.04" width="0" layer="91"/></segment></net><net name="0" class="0"><segment><pinref part="Ccomp" pin="2@2" gate="1"/><pinref part="Ccomp2" pin="2@2" gate="1"/><pinref part="Cin" pin="2@2" gate="1"/><pinref part="Cin2" pin="2@2" gate="1"/><pinref part="Cout" pin="2@2" gate="1"/><pinref part="Cvcc" pin="2@2" gate="1"/><pinref part="GND1" pin="1@1" gate="1"/><pinref part="Rfbb" pin="2@2" gate="1"/><pinref part="Rlim" pin="2@2" gate="1"/><pinref part="U1" pin="GND@5" gate="1"/><pinref part="Vin" pin="-@2" gate="1"/><pinref part="Iout" pin="-@2" gate="1"/><pinref part="Cin_2" pin="2@2" gate="1"/><pinref part="Cin_3" pin="2@2" gate="1"/><pinref part="Cout_2" pin="2@2" gate="1"/><wire x1="99.06" y1="73.66" x2="99.06" y2="30.48" width="0" layer="91"/><wire x1="171.45" y1="73.66" x2="171.45" y2="30.48" width="0" layer="91"/><wire x1="210.82" y1="73.66" x2="210.82" y2="30.48" width="0" layer="91"/><wire x1="250.19" y1="73.66" x2="250.19" y2="30.48" width="0" layer="91"/><wire x1="281.94" y1="50.8" x2="281.94" y2="30.48" width="0" layer="91"/><wire x1="318.77" y1="63.5" x2="318.77" y2="30.48" width="0" layer="91"/><wire x1="384.81" y1="86.36" x2="389.89" y2="86.36" width="0" layer="91"/><wire x1="389.89" y1="86.36" x2="389.89" y2="30.48" width="0" layer="91"/><wire x1="427.99" y1="41.91" x2="427.99" y2="30.48" width="0" layer="91"/><wire x1="463.55" y1="63.5" x2="463.55" y2="30.48" width="0" layer="91"/><wire x1="523.24" y1="30.48" x2="29.21" y2="30.48" width="0" layer="91"/><wire x1="523.24" y1="53.34" x2="523.24" y2="30.48" width="0" layer="91"/><wire x1="523.24" y1="53.34" x2="549.91" y2="53.34" width="0" layer="91"/><wire x1="29.21" y1="73.66" x2="29.21" y2="30.48" width="0" layer="91"/><wire x1="549.91" y1="53.34" x2="549.91" y2="66.04" width="0" layer="91"/><wire x1="99.06" y1="73.66" x2="134.62" y2="73.66" width="0" layer="91"/><wire x1="463.55" y1="63.5" x2="481.33" y2="63.5" width="0" layer="91"/></segment></net><net name="3" class="0"><segment><pinref part="Ccomp2" pin="1@1" gate="1"/><pinref part="Rcomp" pin="1@1" gate="1"/><pinref part="U1" pin="COMP@4" gate="1"/><wire x1="250.19" y1="88.9" x2="250.19" y2="116.84" width="0" layer="91"/><wire x1="250.19" y1="116.84" x2="349.25" y2="116.84" width="0" layer="91"/><wire x1="281.94" y1="95.25" x2="281.94" y2="116.84" width="0" layer="91"/></segment></net><net name="1" class="0"><segment><pinref part="Cin" pin="1@1" gate="1"/><pinref part="Cin2" pin="1@1" gate="1"/><pinref part="L1" pin="1@1" gate="1"/><pinref part="U1" pin="VIN@9" gate="1"/><pinref part="Vin" pin="+@1" gate="1"/><pinref part="Cin_2" pin="1@1" gate="1"/><pinref part="Cin_3" pin="1@1" gate="1"/><wire x1="171.45" y1="139.7" x2="171.45" y2="88.9" width="0" layer="91"/><wire x1="289.56" y1="167.64" x2="289.56" y2="139.7" width="0" layer="91"/><wire x1="99.06" y1="88.9" x2="99.06" y2="139.7" width="0" layer="91"/><wire x1="29.21" y1="139.7" x2="349.25" y2="139.7" width="0" layer="91"/><wire x1="289.56" y1="167.64" x2="359.41" y2="167.64" width="0" layer="91"/><wire x1="29.21" y1="88.9" x2="29.21" y2="139.7" width="0" layer="91"/><wire x1="99.06" y1="88.9" x2="134.62" y2="88.9" width="0" layer="91"/></segment></net><net name="4" class="0"><segment><pinref part="Cout" pin="1@1" gate="1"/><pinref part="Rfbt" pin="1@1" gate="1"/><pinref part="U1" pin="VOUT@6" gate="1"/><pinref part="Iout" pin="+@1" gate="1"/><pinref part="Cout_2" pin="1@1" gate="1"/><wire x1="427.99" y1="109.22" x2="427.99" y2="95.25" width="0" layer="91"/><wire x1="463.55" y1="78.74" x2="463.55" y2="109.22" width="0" layer="91"/><wire x1="384.81" y1="109.22" x2="549.91" y2="109.22" width="0" layer="91"/><wire x1="549.91" y1="81.28" x2="549.91" y2="109.22" width="0" layer="91"/><wire x1="463.55" y1="78.74" x2="481.33" y2="78.74" width="0" layer="91"/></segment></net><net name="2" class="0"><segment><pinref part="Cvcc" pin="1@1" gate="1"/><pinref part="U1" pin="VCC@2" gate="1"/><pinref part="U1" pin="EN@7" gate="1"/><wire x1="210.82" y1="134.62" x2="210.82" y2="88.9" width="0" layer="91"/><wire x1="316.23" y1="124.46" x2="316.23" y2="134.62" width="0" layer="91"/><wire x1="316.23" y1="124.46" x2="349.25" y2="124.46" width="0" layer="91"/><wire x1="349.25" y1="134.62" x2="210.82" y2="134.62" width="0" layer="91"/></segment></net><net name="7" class="0"><segment><pinref part="Rfbb" pin="1@1" gate="1"/><pinref part="Rfbt" pin="2@2" gate="1"/><pinref part="U1" pin="FB@3" gate="1"/><wire x1="384.81" y1="99.06" x2="406.4" y2="99.06" width="0" layer="91"/><wire x1="406.4" y1="66.04" x2="427.99" y2="66.04" width="0" layer="91"/><wire x1="406.4" y1="99.06" x2="406.4" y2="66.04" width="0" layer="91"/><wire x1="427.99" y1="80.01" x2="427.99" y2="57.15" width="0" layer="91"/></segment></net><net name="6" class="0"><segment><pinref part="Rlim" pin="1@1" gate="1"/><pinref part="U1" pin="ILIM@8" gate="1"/><wire x1="318.77" y1="109.22" x2="318.77" y2="78.74" width="0" layer="91"/><wire x1="349.25" y1="109.22" x2="318.77" y2="109.22" width="0" layer="91"/></segment></net><net name="9" class="0"><segment><pinref part="Rt" pin="2@2" gate="1"/><pinref part="U1" pin="FSW@1" gate="1"/><wire x1="452.12" y1="119.38" x2="384.81" y2="119.38" width="0" layer="91"/><wire x1="452.12" y1="137.16" x2="452.12" y2="119.38" width="0" layer="91"/></segment></net></nets></sheet></sheets></schematic></drawing></eagle>
